,0,1,2,3,4,5,6,7,8,9,10,11,12,13,14,15,16
0,34,155,640,1304,1305,310,65,255,0,0,0,0,0,0,0,0,0
1,1201,84,6,91,1202,304,1203,1204,183,161,1205,0,0,0,0,0,0
2,4,592,0,0,0,0,0,0,0,0,0,0,0,0,0,0,0
3,214,0,0,0,0,0,0,0,0,0,0,0,0,0,0,0,0
4,157,299,59,0,0,0,0,0,0,0,0,0,0,0,0,0,0
5,398,227,227,369,448,11,399,4,12,0,0,0,0,0,0,0,0
6,37,366,4,172,0,0,0,0,0,0,0,0,0,0,0,0,0
7,21,6,0,0,0,0,0,0,0,0,0,0,0,0,0,0,0
8,472,5,74,33,88,35,16,106,756,18,168,473,0,0,0,0,0
9,34,307,1283,0,0,0,0,0,0,0,0,0,0,0,0,0,0
10,207,268,0,0,0,0,0,0,0,0,0,0,0,0,0,0,0
11,28,843,844,845,846,0,0,0,0,0,0,0,0,0,0,0,0
12,82,364,1239,406,243,48,620,10,85,42,296,125,0,0,0,0,0
13,402,32,261,4,73,0,0,0,0,0,0,0,0,0,0,0,0
14,56,6,0,0,0,0,0,0,0,0,0,0,0,0,0,0,0
15,56,127,238,0,0,0,0,0,0,0,0,0,0,0,0,0,0
16,250,128,0,0,0,0,0,0,0,0,0,0,0,0,0,0,0
17,6,2,27,89,98,294,91,1342,564,103,629,0,0,0,0,0,0
18,106,1,0,0,0,0,0,0,0,0,0,0,0,0,0,0,0
19,1542,6,0,0,0,0,0,0,0,0,0,0,0,0,0,0,0
20,1142,396,352,24,111,119,1,0,0,0,0,0,0,0,0,0,0
21,34,65,0,0,0,0,0,0,0,0,0,0,0,0,0,0,0
22,68,67,59,62,115,0,0,0,0,0,0,0,0,0,0,0,0
23,9,72,35,2,0,0,0,0,0,0,0,0,0,0,0,0,0
24,108,606,30,13,12,0,0,0,0,0,0,0,0,0,0,0,0
25,27,281,0,0,0,0,0,0,0,0,0,0,0,0,0,0,0
26,48,14,0,0,0,0,0,0,0,0,0,0,0,0,0,0,0
27,2,32,0,0,0,0,0,0,0,0,0,0,0,0,0,0,0
28,3,129,0,0,0,0,0,0,0,0,0,0,0,0,0,0,0
29,575,0,0,0,0,0,0,0,0,0,0,0,0,0,0,0,0
30,34,121,379,886,0,0,0,0,0,0,0,0,0,0,0,0,0
31,20,214,484,0,0,0,0,0,0,0,0,0,0,0,0,0,0
32,3,85,1552,1,1553,3,28,281,0,0,0,0,0,0,0,0,0
33,28,7,43,0,0,0,0,0,0,0,0,0,0,0,0,0,0
34,77,1,788,789,275,0,0,0,0,0,0,0,0,0,0,0,0
35,219,36,47,270,0,0,0,0,0,0,0,0,0,0,0,0,0
36,21,45,7,0,0,0,0,0,0,0,0,0,0,0,0,0,0
37,614,24,1551,75,195,656,0,0,0,0,0,0,0,0,0,0,0
38,282,178,877,0,0,0,0,0,0,0,0,0,0,0,0,0,0
39,5,268,0,0,0,0,0,0,0,0,0,0,0,0,0,0,0
40,282,0,0,0,0,0,0,0,0,0,0,0,0,0,0,0,0
41,630,309,15,3,1247,3,98,311,522,175,0,0,0,0,0,0,0
42,3,213,1458,53,243,12,1459,1460,414,496,395,0,0,0,0,0,0
43,346,41,0,0,0,0,0,0,0,0,0,0,0,0,0,0,0
44,25,23,727,143,47,33,728,106,0,0,0,0,0,0,0,0,0
45,67,112,31,43,0,0,0,0,0,0,0,0,0,0,0,0,0
46,102,23,984,93,400,179,0,0,0,0,0,0,0,0,0,0,0
47,267,166,71,3,339,89,0,0,0,0,0,0,0,0,0,0,0
48,2,52,19,0,0,0,0,0,0,0,0,0,0,0,0,0,0
49,242,54,1333,7,1334,396,198,0,0,0,0,0,0,0,0,0,0
50,287,1134,1135,17,207,41,0,0,0,0,0,0,0,0,0,0,0
51,1,3,442,3,36,0,0,0,0,0,0,0,0,0,0,0,0
52,45,222,5,71,293,256,1,1111,77,29,1112,188,117,1113,0,0,0
53,359,11,0,0,0,0,0,0,0,0,0,0,0,0,0,0,0
54,485,31,3,64,0,0,0,0,0,0,0,0,0,0,0,0,0
55,276,26,935,0,0,0,0,0,0,0,0,0,0,0,0,0,0
56,6,455,1281,1282,19,391,106,47,531,29,618,324,0,0,0,0,0
57,271,33,1339,30,1340,428,295,5,1341,0,0,0,0,0,0,0,0
58,626,1238,0,0,0,0,0,0,0,0,0,0,0,0,0,0,0
59,1,1313,146,20,1314,0,0,0,0,0,0,0,0,0,0,0,0
60,141,1180,80,1181,617,0,0,0,0,0,0,0,0,0,0,0,0
61,1475,96,630,172,0,0,0,0,0,0,0,0,0,0,0,0,0
62,61,677,678,679,192,435,680,315,681,10,7,0,0,0,0,0,0
63,299,66,1,71,11,0,0,0,0,0,0,0,0,0,0,0,0
64,80,584,1056,116,1057,1058,0,0,0,0,0,0,0,0,0,0,0
65,37,167,3,1457,0,0,0,0,0,0,0,0,0,0,0,0,0
66,78,3,412,239,0,0,0,0,0,0,0,0,0,0,0,0,0
67,609,346,60,39,0,0,0,0,0,0,0,0,0,0,0,0,0
68,47,5,88,15,3,474,223,0,0,0,0,0,0,0,0,0,0
69,1500,1501,76,131,0,0,0,0,0,0,0,0,0,0,0,0,0
70,169,51,648,1383,8,1384,1385,90,649,124,650,0,0,0,0,0,0
71,149,2,214,53,35,27,307,379,1222,1223,117,151,245,0,0,0,0
72,2,6,22,0,0,0,0,0,0,0,0,0,0,0,0,0,0
73,5,138,8,0,0,0,0,0,0,0,0,0,0,0,0,0,0
74,14,15,539,1416,0,0,0,0,0,0,0,0,0,0,0,0,0
75,308,1,74,33,227,106,403,345,424,248,12,0,0,0,0,0,0
76,21,130,208,217,0,0,0,0,0,0,0,0,0,0,0,0,0
77,101,7,288,0,0,0,0,0,0,0,0,0,0,0,0,0,0
78,102,23,11,16,252,436,1,0,0,0,0,0,0,0,0,0,0
79,144,64,116,183,11,1022,17,23,184,0,0,0,0,0,0,0,0
80,1349,587,588,27,48,1350,645,0,0,0,0,0,0,0,0,0,0
81,125,155,409,335,4,73,0,0,0,0,0,0,0,0,0,0,0
82,227,93,917,124,7,390,3,290,0,0,0,0,0,0,0,0,0
83,590,86,6,71,123,0,0,0,0,0,0,0,0,0,0,0,0
84,964,555,7,556,557,558,0,0,0,0,0,0,0,0,0,0,0
85,2,1,0,0,0,0,0,0,0,0,0,0,0,0,0,0,0
86,671,78,20,189,79,20,248,80,0,0,0,0,0,0,0,0,0
87,2,314,0,0,0,0,0,0,0,0,0,0,0,0,0,0,0
88,231,0,0,0,0,0,0,0,0,0,0,0,0,0,0,0,0
89,2,1,0,0,0,0,0,0,0,0,0,0,0,0,0,0,0
90,58,6,0,0,0,0,0,0,0,0,0,0,0,0,0,0,0
91,67,1,43,87,0,0,0,0,0,0,0,0,0,0,0,0,0
92,5,22,0,0,0,0,0,0,0,0,0,0,0,0,0,0,0
93,1379,494,1380,3,1381,0,0,0,0,0,0,0,0,0,0,0,0
94,1085,1,218,544,1086,596,0,0,0,0,0,0,0,0,0,0,0
95,104,452,264,1162,581,244,38,601,241,274,1163,233,0,0,0,0,0
96,2,3,36,340,33,4,5,26,180,174,19,280,0,0,0,0,0
97,120,171,1087,241,75,79,353,19,597,164,0,0,0,0,0,0,0
98,56,1451,0,0,0,0,0,0,0,0,0,0,0,0,0,0,0
99,33,7,163,79,0,0,0,0,0,0,0,0,0,0,0,0,0
100,21,6,22,0,0,0,0,0,0,0,0,0,0,0,0,0,0
101,338,1538,316,0,0,0,0,0,0,0,0,0,0,0,0,0,0
102,25,94,32,4,0,0,0,0,0,0,0,0,0,0,0,0,0
103,1234,312,1235,422,1236,10,1237,625,142,29,0,0,0,0,0,0,0
104,102,23,15,0,0,0,0,0,0,0,0,0,0,0,0,0,0
105,439,1,87,100,28,196,1,0,0,0,0,0,0,0,0,0,0
106,58,59,5,8,113,22,0,0,0,0,0,0,0,0,0,0,0
107,41,164,14,414,0,0,0,0,0,0,0,0,0,0,0,0,0
108,15,2,4,73,0,0,0,0,0,0,0,0,0,0,0,0,0
109,99,6,60,39,0,0,0,0,0,0,0,0,0,0,0,0,0
110,2,1,0,0,0,0,0,0,0,0,0,0,0,0,0,0,0
111,3,158,7,69,19,77,397,0,0,0,0,0,0,0,0,0,0
112,24,20,42,52,238,1,0,0,0,0,0,0,0,0,0,0,0
113,1094,115,57,136,5,22,0,0,0,0,0,0,0,0,0,0,0
114,125,134,201,147,66,1,108,11,40,11,124,30,13,273,0,0,0
115,3,532,20,7,377,3,25,873,0,0,0,0,0,0,0,0,0
116,122,387,1166,1167,185,1168,96,1169,185,560,0,0,0,0,0,0,0
117,34,7,0,0,0,0,0,0,0,0,0,0,0,0,0,0,0
118,21,1,0,0,0,0,0,0,0,0,0,0,0,0,0,0,0
119,58,68,0,0,0,0,0,0,0,0,0,0,0,0,0,0,0
120,42,280,0,0,0,0,0,0,0,0,0,0,0,0,0,0,0
121,101,0,0,0,0,0,0,0,0,0,0,0,0,0,0,0,0
122,17,110,69,1444,64,112,31,380,16,115,0,0,0,0,0,0,0
123,114,419,42,197,0,0,0,0,0,0,0,0,0,0,0,0,0
124,506,2,31,0,0,0,0,0,0,0,0,0,0,0,0,0,0
125,26,296,977,0,0,0,0,0,0,0,0,0,0,0,0,0,0
126,40,57,1267,3,1268,3,0,0,0,0,0,0,0,0,0,0,0
127,93,695,83,118,440,441,118,1,0,0,0,0,0,0,0,0,0
128,112,31,3,99,0,0,0,0,0,0,0,0,0,0,0,0,0
129,437,317,683,0,0,0,0,0,0,0,0,0,0,0,0,0,0
130,62,15,126,185,572,0,0,0,0,0,0,0,0,0,0,0,0
131,35,185,176,23,1170,6,0,0,0,0,0,0,0,0,0,0,0
132,47,368,90,33,84,2,505,0,0,0,0,0,0,0,0,0,0
133,52,99,482,315,0,0,0,0,0,0,0,0,0,0,0,0,0
134,4,2,0,0,0,0,0,0,0,0,0,0,0,0,0,0,0
135,33,10,0,0,0,0,0,0,0,0,0,0,0,0,0,0,0
136,587,588,0,0,0,0,0,0,0,0,0,0,0,0,0,0,0
137,103,1,453,729,454,83,455,0,0,0,0,0,0,0,0,0,0
138,231,57,3,3,1445,0,0,0,0,0,0,0,0,0,0,0,0
139,3,101,6,0,0,0,0,0,0,0,0,0,0,0,0,0,0
140,418,55,31,0,0,0,0,0,0,0,0,0,0,0,0,0,0
141,82,19,289,0,0,0,0,0,0,0,0,0,0,0,0,0,0
142,1186,232,1187,27,122,18,1188,618,0,0,0,0,0,0,0,0,0
143,676,100,433,39,0,0,0,0,0,0,0,0,0,0,0,0,0
144,94,9,0,0,0,0,0,0,0,0,0,0,0,0,0,0,0
145,17,102,23,0,0,0,0,0,0,0,0,0,0,0,0,0,0
146,24,4,0,0,0,0,0,0,0,0,0,0,0,0,0,0,0
147,3,58,37,0,0,0,0,0,0,0,0,0,0,0,0,0,0
148,102,23,1017,163,1018,1,0,0,0,0,0,0,0,0,0,0,0
149,1559,13,0,0,0,0,0,0,0,0,0,0,0,0,0,0,0
150,1027,1,18,36,259,0,0,0,0,0,0,0,0,0,0,0,0
151,27,294,182,45,408,0,0,0,0,0,0,0,0,0,0,0,0
152,40,1,16,996,62,0,0,0,0,0,0,0,0,0,0,0,0
153,1348,242,5,0,0,0,0,0,0,0,0,0,0,0,0,0,0
154,1182,0,0,0,0,0,0,0,0,0,0,0,0,0,0,0,0
155,626,146,153,0,0,0,0,0,0,0,0,0,0,0,0,0,0
156,5,8,268,50,50,1423,145,98,652,312,93,142,83,0,0,0,0
157,102,23,65,317,0,0,0,0,0,0,0,0,0,0,0,0,0
158,1469,318,205,198,264,0,0,0,0,0,0,0,0,0,0,0,0
159,36,9,4,2,1,0,0,0,0,0,0,0,0,0,0,0,0
160,24,4,603,470,306,0,0,0,0,0,0,0,0,0,0,0,0
161,266,7,51,2,10,5,80,5,277,1456,0,0,0,0,0,0,0
162,141,1101,0,0,0,0,0,0,0,0,0,0,0,0,0,0,0
163,167,206,12,166,209,599,105,3,5,89,206,220,532,600,0,0,0
164,67,112,31,0,0,0,0,0,0,0,0,0,0,0,0,0,0
165,104,291,1,4,12,653,5,52,222,1431,654,189,1432,0,0,0,0
166,55,0,0,0,0,0,0,0,0,0,0,0,0,0,0,0,0
167,158,5,8,70,7,182,158,0,0,0,0,0,0,0,0,0,0
168,138,8,56,56,0,0,0,0,0,0,0,0,0,0,0,0,0
169,2,26,0,0,0,0,0,0,0,0,0,0,0,0,0,0,0
170,510,211,45,70,511,1,38,18,218,816,1,3,254,15,0,0,0
171,605,3,11,170,1106,1107,1108,3,1109,101,1110,0,0,0,0,0,0
172,13,746,345,470,11,13,0,0,0,0,0,0,0,0,0,0,0
173,302,589,263,171,590,29,300,224,121,1,1065,1066,0,0,0,0,0
174,40,55,258,159,401,133,0,0,0,0,0,0,0,0,0,0,0
175,77,44,32,46,97,32,3,616,135,78,192,1171,0,0,0,0,0
176,79,713,714,715,41,9,0,0,0,0,0,0,0,0,0,0,0
177,6,456,224,109,1450,13,427,0,0,0,0,0,0,0,0,0,0
178,1,20,50,100,667,0,0,0,0,0,0,0,0,0,0,0,0
179,394,144,1541,57,38,0,0,0,0,0,0,0,0,0,0,0,0
180,61,51,256,704,257,1,0,0,0,0,0,0,0,0,0,0,0
181,94,0,0,0,0,0,0,0,0,0,0,0,0,0,0,0,0
182,215,7,3,776,0,0,0,0,0,0,0,0,0,0,0,0,0
183,1449,303,26,0,0,0,0,0,0,0,0,0,0,0,0,0,0
184,27,29,1534,194,0,0,0,0,0,0,0,0,0,0,0,0,0
185,258,596,155,1509,440,1,137,0,0,0,0,0,0,0,0,0,0
186,103,55,0,0,0,0,0,0,0,0,0,0,0,0,0,0,0
187,207,3,5,0,0,0,0,0,0,0,0,0,0,0,0,0,0
188,22,5,0,0,0,0,0,0,0,0,0,0,0,0,0,0,0
189,2,217,1411,502,233,1412,402,199,14,1413,1414,233,1415,410,0,0,0
190,5,187,4,73,643,1324,310,44,644,427,0,0,0,0,0,0,0
191,94,0,0,0,0,0,0,0,0,0,0,0,0,0,0,0,0
192,34,6,0,0,0,0,0,0,0,0,0,0,0,0,0,0,0
193,35,36,26,0,0,0,0,0,0,0,0,0,0,0,0,0,0
194,691,692,0,0,0,0,0,0,0,0,0,0,0,0,0,0,0
195,35,27,294,103,0,0,0,0,0,0,0,0,0,0,0,0,0
196,897,78,4,2,0,0,0,0,0,0,0,0,0,0,0,0,0
197,144,66,1,79,301,1016,44,0,0,0,0,0,0,0,0,0,0
198,114,1535,3,1536,19,1,1537,18,660,1,24,0,0,0,0,0,0
199,4,2,905,906,1,389,907,908,327,909,90,0,0,0,0,0,0
200,9,321,204,0,0,0,0,0,0,0,0,0,0,0,0,0,0
201,366,41,20,1355,647,1,0,0,0,0,0,0,0,0,0,0,0
202,1433,365,225,0,0,0,0,0,0,0,0,0,0,0,0,0,0
203,41,6,662,0,0,0,0,0,0,0,0,0,0,0,0,0,0
204,309,196,1404,243,612,41,237,1,117,216,1405,1406,0,0,0,0,0
205,50,498,165,10,42,0,0,0,0,0,0,0,0,0,0,0,0
206,197,919,392,0,0,0,0,0,0,0,0,0,0,0,0,0,0
207,34,7,108,45,7,2,52,5,13,76,49,30,0,0,0,0,0
208,53,20,212,75,148,0,0,0,0,0,0,0,0,0,0,0,0
209,398,225,415,0,0,0,0,0,0,0,0,0,0,0,0,0,0
210,9,72,63,69,75,70,910,177,0,0,0,0,0,0,0,0,0
211,213,7,0,0,0,0,0,0,0,0,0,0,0,0,0,0,0
212,18,140,513,514,188,1,0,0,0,0,0,0,0,0,0,0,0
213,345,1165,417,239,22,113,17,92,8,392,114,0,0,0,0,0,0
214,11,145,730,260,202,96,1,333,456,457,731,732,733,334,329,0,0
215,84,638,10,0,0,0,0,0,0,0,0,0,0,0,0,0,0
216,35,479,75,30,920,921,465,466,117,922,15,0,0,0,0,0,0
217,247,611,80,157,113,0,0,0,0,0,0,0,0,0,0,0,0
218,338,1,0,0,0,0,0,0,0,0,0,0,0,0,0,0,0
219,391,526,11,530,0,0,0,0,0,0,0,0,0,0,0,0,0
220,24,30,0,0,0,0,0,0,0,0,0,0,0,0,0,0,0
221,76,131,123,1,71,0,0,0,0,0,0,0,0,0,0,0,0
222,49,13,0,0,0,0,0,0,0,0,0,0,0,0,0,0,0
223,4,809,810,504,89,0,0,0,0,0,0,0,0,0,0,0,0
224,1441,651,1442,393,655,142,576,205,0,0,0,0,0,0,0,0,0
225,336,80,0,0,0,0,0,0,0,0,0,0,0,0,0,0,0
226,11,870,59,43,0,0,0,0,0,0,0,0,0,0,0,0,0
227,750,751,70,190,1,0,0,0,0,0,0,0,0,0,0,0,0
228,778,149,358,779,0,0,0,0,0,0,0,0,0,0,0,0,0
229,98,318,1514,5,1,0,0,0,0,0,0,0,0,0,0,0,0
230,110,88,9,170,160,556,1452,1453,171,1454,0,0,0,0,0,0,0
231,37,494,323,365,323,0,0,0,0,0,0,0,0,0,0,0,0
232,67,76,181,43,555,104,112,31,0,0,0,0,0,0,0,0,0
233,114,932,28,550,551,0,0,0,0,0,0,0,0,0,0,0,0
234,41,1206,292,0,0,0,0,0,0,0,0,0,0,0,0,0,0
235,1064,0,0,0,0,0,0,0,0,0,0,0,0,0,0,0,0
236,4,0,0,0,0,0,0,0,0,0,0,0,0,0,0,0,0
237,16,105,136,478,0,0,0,0,0,0,0,0,0,0,0,0,0
238,2,138,0,0,0,0,0,0,0,0,0,0,0,0,0,0,0
239,253,26,7,791,496,792,0,0,0,0,0,0,0,0,0,0,0
240,60,0,0,0,0,0,0,0,0,0,0,0,0,0,0,0,0
241,18,225,0,0,0,0,0,0,0,0,0,0,0,0,0,0,0
242,418,99,112,31,0,0,0,0,0,0,0,0,0,0,0,0,0
243,50,693,26,9,0,0,0,0,0,0,0,0,0,0,0,0,0
244,4,2,0,0,0,0,0,0,0,0,0,0,0,0,0,0,0
245,4,5,0,0,0,0,0,0,0,0,0,0,0,0,0,0,0
246,53,110,424,19,8,3,56,0,0,0,0,0,0,0,0,0,0
247,129,866,10,527,29,120,492,0,0,0,0,0,0,0,0,0,0
248,1315,89,54,87,267,237,11,28,7,43,439,0,0,0,0,0,0
249,390,35,4,12,958,93,959,960,105,0,0,0,0,0,0,0,0
250,410,1,283,1067,1068,80,1069,0,0,0,0,0,0,0,0,0,0
251,118,153,112,31,0,0,0,0,0,0,0,0,0,0,0,0,0
252,1491,1492,1493,632,128,194,1494,16,75,1495,236,647,170,0,0,0,0
253,610,43,83,1159,464,0,0,0,0,0,0,0,0,0,0,0,0
254,244,374,1279,0,0,0,0,0,0,0,0,0,0,0,0,0,0
255,1420,1421,0,0,0,0,0,0,0,0,0,0,0,0,0,0,0
256,139,1,19,100,46,940,1,63,2,941,942,0,0,0,0,0,0
257,269,14,44,451,0,0,0,0,0,0,0,0,0,0,0,0,0
258,87,38,542,68,0,0,0,0,0,0,0,0,0,0,0,0,0
259,978,979,0,0,0,0,0,0,0,0,0,0,0,0,0,0,0
260,2,149,1053,0,0,0,0,0,0,0,0,0,0,0,0,0,0
261,348,486,0,0,0,0,0,0,0,0,0,0,0,0,0,0,0
262,46,110,973,974,975,976,351,106,0,0,0,0,0,0,0,0,0
263,933,55,209,0,0,0,0,0,0,0,0,0,0,0,0,0,0
264,46,139,1,724,3,725,329,63,4,2,0,0,0,0,0,0,0
265,5,15,21,187,0,0,0,0,0,0,0,0,0,0,0,0,0
266,507,32,508,25,2,0,0,0,0,0,0,0,0,0,0,0,0
267,1,270,246,0,0,0,0,0,0,0,0,0,0,0,0,0,0
268,1041,1042,8,6,0,0,0,0,0,0,0,0,0,0,0,0,0
269,18,156,283,0,0,0,0,0,0,0,0,0,0,0,0,0,0
270,64,52,0,0,0,0,0,0,0,0,0,0,0,0,0,0,0
271,60,19,0,0,0,0,0,0,0,0,0,0,0,0,0,0,0
272,2,45,0,0,0,0,0,0,0,0,0,0,0,0,0,0,0
273,393,13,14,291,583,1055,0,0,0,0,0,0,0,0,0,0,0
274,223,0,0,0,0,0,0,0,0,0,0,0,0,0,0,0,0
275,369,221,4,73,44,179,633,1256,444,309,1257,220,63,1258,65,210,0
276,314,992,219,0,0,0,0,0,0,0,0,0,0,0,0,0,0
277,1376,162,14,20,214,484,27,44,1377,85,1378,0,0,0,0,0,0
278,6,212,887,888,539,3,889,540,225,0,0,0,0,0,0,0,0
279,20,311,133,648,29,20,428,0,0,0,0,0,0,0,0,0,0
280,40,377,3,1429,5,298,394,1,177,504,190,0,0,0,0,0,0
281,33,8,800,801,111,0,0,0,0,0,0,0,0,0,0,0,0
282,1290,330,9,284,1291,0,0,0,0,0,0,0,0,0,0,0,0
283,420,332,1208,282,1209,22,1210,0,0,0,0,0,0,0,0,0,0
284,1,652,664,2,664,211,1,3,358,1487,1488,586,1489,308,0,0,0
285,58,0,0,0,0,0,0,0,0,0,0,0,0,0,0,0,0
286,538,263,1310,191,9,1311,180,177,0,0,0,0,0,0,0,0,0
287,81,404,1292,1293,53,1294,13,0,0,0,0,0,0,0,0,0,0
288,68,5,0,0,0,0,0,0,0,0,0,0,0,0,0,0,0
289,242,428,27,429,429,429,10,100,148,361,0,0,0,0,0,0,0
290,972,497,292,0,0,0,0,0,0,0,0,0,0,0,0,0,0
291,402,999,35,1000,1001,173,403,16,1,0,0,0,0,0,0,0,0
292,17,437,59,37,120,38,12,0,0,0,0,0,0,0,0,0,0
293,3,101,22,15,0,0,0,0,0,0,0,0,0,0,0,0,0
294,15,541,76,235,16,333,175,326,535,0,0,0,0,0,0,0,0
295,17,23,37,0,0,0,0,0,0,0,0,0,0,0,0,0,0
296,109,48,14,16,84,52,962,0,0,0,0,0,0,0,0,0,0
297,360,76,236,246,0,0,0,0,0,0,0,0,0,0,0,0,0
298,2,17,25,23,0,0,0,0,0,0,0,0,0,0,0,0,0
299,567,84,10,997,998,118,0,0,0,0,0,0,0,0,0,0,0
300,17,23,296,0,0,0,0,0,0,0,0,0,0,0,0,0,0
301,2,298,0,0,0,0,0,0,0,0,0,0,0,0,0,0,0
302,68,16,38,18,218,0,0,0,0,0,0,0,0,0,0,0,0
303,17,23,573,108,1028,461,4,542,574,405,91,575,0,0,0,0,0
304,2,187,0,0,0,0,0,0,0,0,0,0,0,0,0,0,0
305,1,77,51,228,1401,617,426,85,391,221,0,0,0,0,0,0,0
306,207,251,926,24,927,66,1,928,547,0,0,0,0,0,0,0,0
307,10,84,93,118,598,8,0,0,0,0,0,0,0,0,0,0,0
308,1023,0,0,0,0,0,0,0,0,0,0,0,0,0,0,0,0
309,25,297,288,79,11,16,227,523,5,0,0,0,0,0,0,0,0
310,30,273,180,161,239,360,508,0,0,0,0,0,0,0,0,0,0
311,82,69,0,0,0,0,0,0,0,0,0,0,0,0,0,0,0
312,2,119,37,0,0,0,0,0,0,0,0,0,0,0,0,0,0
313,183,212,109,14,109,74,1303,46,636,148,332,0,0,0,0,0,0
314,85,42,241,235,15,0,0,0,0,0,0,0,0,0,0,0,0
315,237,1009,1,1010,25,47,300,1011,234,168,568,0,0,0,0,0,0
316,1502,245,1,46,166,230,654,61,0,0,0,0,0,0,0,0,0
317,1031,4,0,0,0,0,0,0,0,0,0,0,0,0,0,0,0
318,50,495,53,27,45,7,30,42,57,62,1403,107,0,0,0,0,0
319,3,278,127,548,44,26,0,0,0,0,0,0,0,0,0,0,0
320,49,107,12,386,224,881,86,15,0,0,0,0,0,0,0,0,0
321,6,3,21,4,42,104,11,743,3,469,0,0,0,0,0,0,0
322,49,33,222,5,9,72,0,0,0,0,0,0,0,0,0,0,0
323,247,4,0,0,0,0,0,0,0,0,0,0,0,0,0,0,0
324,529,18,867,11,279,381,868,0,0,0,0,0,0,0,0,0,0
325,15,3,174,311,1215,176,265,1216,389,13,0,0,0,0,0,0,0
326,107,741,103,12,0,0,0,0,0,0,0,0,0,0,0,0,0
327,129,129,649,0,0,0,0,0,0,0,0,0,0,0,0,0,0
328,506,812,39,0,0,0,0,0,0,0,0,0,0,0,0,0,0
329,96,126,0,0,0,0,0,0,0,0,0,0,0,0,0,0,0
330,1496,1497,1498,1499,0,0,0,0,0,0,0,0,0,0,0,0,0
331,280,42,526,380,70,0,0,0,0,0,0,0,0,0,0,0,0
332,9,89,12,373,191,180,1,51,293,0,0,0,0,0,0,0,0
333,126,46,777,357,54,0,0,0,0,0,0,0,0,0,0,0,0
334,847,848,74,221,1,378,5,0,0,0,0,0,0,0,0,0,0
335,565,0,0,0,0,0,0,0,0,0,0,0,0,0,0,0,0
336,222,248,278,858,169,489,1,859,522,52,10,8,523,0,0,0,0
337,34,57,0,0,0,0,0,0,0,0,0,0,0,0,0,0,0
338,520,51,16,38,2,0,0,0,0,0,0,0,0,0,0,0,0
339,83,547,44,529,46,176,1482,1483,0,0,0,0,0,0,0,0,0
340,12,593,299,0,0,0,0,0,0,0,0,0,0,0,0,0,0
341,1439,16,177,9,570,0,0,0,0,0,0,0,0,0,0,0,0
342,41,740,467,0,0,0,0,0,0,0,0,0,0,0,0,0,0
343,1520,14,0,0,0,0,0,0,0,0,0,0,0,0,0,0,0
344,12,62,48,634,1,16,468,1269,232,193,0,0,0,0,0,0,0
345,30,18,882,212,537,883,0,0,0,0,0,0,0,0,0,0,0
346,24,4,0,0,0,0,0,0,0,0,0,0,0,0,0,0,0
347,1,110,364,55,18,150,493,0,0,0,0,0,0,0,0,0,0
348,9,21,268,0,0,0,0,0,0,0,0,0,0,0,0,0,0
349,3,101,159,191,9,434,9,0,0,0,0,0,0,0,0,0,0
350,1,103,55,18,3,36,0,0,0,0,0,0,0,0,0,0,0
351,820,1,512,65,0,0,0,0,0,0,0,0,0,0,0,0,0
352,101,17,23,37,184,0,0,0,0,0,0,0,0,0,0,0,0
353,136,443,709,20,1,444,19,40,137,1,9,72,710,0,0,0,0
354,46,737,461,738,462,336,739,463,464,0,0,0,0,0,0,0,0
355,253,2,0,0,0,0,0,0,0,0,0,0,0,0,0,0,0
356,251,1263,184,1264,67,1265,1266,81,0,0,0,0,0,0,0,0,0
357,11,4,283,0,0,0,0,0,0,0,0,0,0,0,0,0,0
358,1,744,342,0,0,0,0,0,0,0,0,0,0,0,0,0,0
359,64,30,132,145,0,0,0,0,0,0,0,0,0,0,0,0,0
360,1172,1,117,1173,0,0,0,0,0,0,0,0,0,0,0,0,0
361,49,130,0,0,0,0,0,0,0,0,0,0,0,0,0,0,0
362,11,4,3,163,79,0,0,0,0,0,0,0,0,0,0,0,0
363,952,509,2,953,109,954,0,0,0,0,0,0,0,0,0,0,0
364,351,21,74,5,51,0,0,0,0,0,0,0,0,0,0,0,0
365,34,278,14,11,7,1476,189,66,0,0,0,0,0,0,0,0,0
366,81,350,0,0,0,0,0,0,0,0,0,0,0,0,0,0,0
367,21,1462,536,7,0,0,0,0,0,0,0,0,0,0,0,0,0
368,160,66,1,337,549,83,229,0,0,0,0,0,0,0,0,0,0
369,151,634,3,73,1418,1419,38,0,0,0,0,0,0,0,0,0,0
370,594,181,0,0,0,0,0,0,0,0,0,0,0,0,0,0,0
371,111,1368,4,3,1369,1370,413,113,343,37,0,0,0,0,0,0,0
372,4,12,0,0,0,0,0,0,0,0,0,0,0,0,0,0,0
373,114,51,1504,192,20,1505,1506,1507,90,135,168,1508,194,29,0,0,0
374,127,490,903,904,21,0,0,0,0,0,0,0,0,0,0,0,0
375,2,1,0,0,0,0,0,0,0,0,0,0,0,0,0,0,0
376,33,165,22,4,2,0,0,0,0,0,0,0,0,0,0,0,0
377,162,14,18,0,0,0,0,0,0,0,0,0,0,0,0,0,0
378,2,147,0,0,0,0,0,0,0,0,0,0,0,0,0,0,0
379,356,135,1262,0,0,0,0,0,0,0,0,0,0,0,0,0,0
380,71,265,1374,1375,180,1,14,0,0,0,0,0,0,0,0,0,0
381,30,13,12,49,0,0,0,0,0,0,0,0,0,0,0,0,0
382,67,149,43,54,53,400,1127,226,17,0,0,0,0,0,0,0,0
383,17,23,0,0,0,0,0,0,0,0,0,0,0,0,0,0,0
384,78,4,12,0,0,0,0,0,0,0,0,0,0,0,0,0,0
385,1225,0,0,0,0,0,0,0,0,0,0,0,0,0,0,0,0
386,16,258,12,0,0,0,0,0,0,0,0,0,0,0,0,0,0
387,348,1046,11,0,0,0,0,0,0,0,0,0,0,0,0,0,0
388,17,102,23,6,0,0,0,0,0,0,0,0,0,0,0,0,0
389,24,503,245,409,1515,0,0,0,0,0,0,0,0,0,0,0,0
390,1132,1133,0,0,0,0,0,0,0,0,0,0,0,0,0,0,0
391,2,6,22,0,0,0,0,0,0,0,0,0,0,0,0,0,0
392,276,99,112,31,20,421,0,0,0,0,0,0,0,0,0,0,0
393,82,174,133,263,179,14,1,211,16,1,26,0,0,0,0,0,0
394,393,10,8,157,56,924,1,190,500,498,7,394,291,0,0,0,0
395,42,36,0,0,0,0,0,0,0,0,0,0,0,0,0,0,0
396,127,490,491,0,0,0,0,0,0,0,0,0,0,0,0,0,0
397,34,74,25,95,5,8,0,0,0,0,0,0,0,0,0,0,0
398,56,10,8,0,0,0,0,0,0,0,0,0,0,0,0,0,0
399,129,584,19,0,0,0,0,0,0,0,0,0,0,0,0,0,0
400,136,61,130,620,90,149,1197,1198,228,1199,36,149,81,0,0,0,0
401,167,473,993,9,91,401,230,994,191,54,82,97,63,82,339,995,0
402,1120,608,29,558,0,0,0,0,0,0,0,0,0,0,0,0,0
403,569,41,0,0,0,0,0,0,0,0,0,0,0,0,0,0,0
404,10,8,142,21,14,7,29,211,478,211,14,7,29,0,0,0,0
405,104,1061,114,185,586,46,316,1062,269,162,0,0,0,0,0,0,0
406,1430,287,0,0,0,0,0,0,0,0,0,0,0,0,0,0,0
407,41,201,1,0,0,0,0,0,0,0,0,0,0,0,0,0,0
408,10,8,2,0,0,0,0,0,0,0,0,0,0,0,0,0,0
409,34,45,0,0,0,0,0,0,0,0,0,0,0,0,0,0,0
410,591,383,1527,1528,95,58,347,0,0,0,0,0,0,0,0,0,0
411,196,1,217,251,0,0,0,0,0,0,0,0,0,0,0,0,0
412,1,479,109,351,338,0,0,0,0,0,0,0,0,0,0,0,0
413,216,1562,169,0,0,0,0,0,0,0,0,0,0,0,0,0,0
414,5,1438,0,0,0,0,0,0,0,0,0,0,0,0,0,0,0
415,892,131,0,0,0,0,0,0,0,0,0,0,0,0,0,0,0
416,4,18,218,4,11,77,1,0,0,0,0,0,0,0,0,0,0
417,2,86,337,891,0,0,0,0,0,0,0,0,0,0,0,0,0
418,167,7,5,19,3,58,0,0,0,0,0,0,0,0,0,0,0
419,154,611,0,0,0,0,0,0,0,0,0,0,0,0,0,0,0
420,9,4,2,0,0,0,0,0,0,0,0,0,0,0,0,0,0
421,49,0,0,0,0,0,0,0,0,0,0,0,0,0,0,0,0
422,124,6,747,145,0,0,0,0,0,0,0,0,0,0,0,0,0
423,1437,14,285,0,0,0,0,0,0,0,0,0,0,0,0,0,0
424,1517,51,1518,50,665,286,0,0,0,0,0,0,0,0,0,0,0
425,213,0,0,0,0,0,0,0,0,0,0,0,0,0,0,0,0
426,165,2,144,92,331,28,59,62,82,134,51,332,0,0,0,0,0
427,86,1002,1003,15,30,73,0,0,0,0,0,0,0,0,0,0,0
428,74,173,1280,312,0,0,0,0,0,0,0,0,0,0,0,0,0
429,948,1,0,0,0,0,0,0,0,0,0,0,0,0,0,0,0
430,25,5,6,0,0,0,0,0,0,0,0,0,0,0,0,0,0
431,1052,581,185,582,0,0,0,0,0,0,0,0,0,0,0,0,0
432,34,1,468,16,98,121,0,0,0,0,0,0,0,0,0,0,0
433,638,84,0,0,0,0,0,0,0,0,0,0,0,0,0,0,0
434,4,18,218,4,467,0,0,0,0,0,0,0,0,0,0,0,0
435,27,281,0,0,0,0,0,0,0,0,0,0,0,0,0,0,0
436,387,899,900,0,0,0,0,0,0,0,0,0,0,0,0,0,0
437,10,8,21,12,0,0,0,0,0,0,0,0,0,0,0,0,0
438,2,130,208,65,0,0,0,0,0,0,0,0,0,0,0,0,0
439,782,23,0,0,0,0,0,0,0,0,0,0,0,0,0,0,0
440,1082,303,1083,78,32,240,1084,0,0,0,0,0,0,0,0,0,0
441,824,26,53,152,510,133,825,0,0,0,0,0,0,0,0,0,0
442,262,25,585,1060,200,75,205,26,0,0,0,0,0,0,0,0,0
443,231,0,0,0,0,0,0,0,0,0,0,0,0,0,0,0,0
444,92,3,5,840,0,0,0,0,0,0,0,0,0,0,0,0,0
445,96,64,0,0,0,0,0,0,0,0,0,0,0,0,0,0,0
446,718,262,263,137,447,141,719,720,721,327,722,448,0,0,0,0,0
447,367,501,0,0,0,0,0,0,0,0,0,0,0,0,0,0,0
448,3,1472,1473,40,540,663,230,224,249,0,0,0,0,0,0,0,0
449,398,27,29,1128,1129,0,0,0,0,0,0,0,0,0,0,0,0
450,885,538,5,8,0,0,0,0,0,0,0,0,0,0,0,0,0
451,144,1048,386,580,1,331,1049,1050,0,0,0,0,0,0,0,0,0
452,50,9,1417,115,58,59,0,0,0,0,0,0,0,0,0,0,0
453,105,73,723,22,328,0,0,0,0,0,0,0,0,0,0,0,0
454,125,1424,141,140,1425,1426,20,228,3,63,627,2,0,0,0,0,0
455,41,6,0,0,0,0,0,0,0,0,0,0,0,0,0,0,0
456,4,0,0,0,0,0,0,0,0,0,0,0,0,0,0,0,0
457,3,157,49,13,0,0,0,0,0,0,0,0,0,0,0,0,0
458,533,13,534,322,197,535,0,0,0,0,0,0,0,0,0,0,0
459,261,146,537,615,232,1463,425,659,0,0,0,0,0,0,0,0,0
460,159,40,1550,303,6,0,0,0,0,0,0,0,0,0,0,0,0
461,63,503,804,27,165,276,805,75,806,807,81,808,0,0,0,0,0
462,60,39,0,0,0,0,0,0,0,0,0,0,0,0,0,0,0
463,370,362,949,950,129,0,0,0,0,0,0,0,0,0,0,0,0
464,15,17,206,237,0,0,0,0,0,0,0,0,0,0,0,0,0
465,106,0,0,0,0,0,0,0,0,0,0,0,0,0,0,0,0
466,1556,1557,121,25,1558,14,0,0,0,0,0,0,0,0,0,0,0
467,129,1,0,0,0,0,0,0,0,0,0,0,0,0,0,0,0
468,58,6,0,0,0,0,0,0,0,0,0,0,0,0,0,0,0
469,884,28,1,43,0,0,0,0,0,0,0,0,0,0,0,0,0
470,1,4,2,0,0,0,0,0,0,0,0,0,0,0,0,0,0
471,836,15,30,0,0,0,0,0,0,0,0,0,0,0,0,0,0
472,54,134,1,61,51,11,28,0,0,0,0,0,0,0,0,0,0
473,2,22,35,0,0,0,0,0,0,0,0,0,0,0,0,0,0
474,302,552,425,426,1316,1317,643,600,1318,1319,9,644,427,645,0,0,0
475,987,31,0,0,0,0,0,0,0,0,0,0,0,0,0,0,0
476,56,341,0,0,0,0,0,0,0,0,0,0,0,0,0,0,0
477,1,272,250,216,499,796,797,798,799,500,1,54,0,0,0,0,0
478,37,24,349,88,0,0,0,0,0,0,0,0,0,0,0,0,0
479,48,319,186,66,0,0,0,0,0,0,0,0,0,0,0,0,0
480,173,46,838,377,17,505,839,368,0,0,0,0,0,0,0,0,0
481,111,122,47,111,0,0,0,0,0,0,0,0,0,0,0,0,0
482,42,205,0,0,0,0,0,0,0,0,0,0,0,0,0,0,0
483,3,2,1,0,0,0,0,0,0,0,0,0,0,0,0,0,0
484,1,404,12,67,43,623,0,0,0,0,0,0,0,0,0,0,0
485,108,1130,3,58,10,8,234,1131,42,0,0,0,0,0,0,0,0
486,277,1099,1100,0,0,0,0,0,0,0,0,0,0,0,0,0,0
487,346,60,39,0,0,0,0,0,0,0,0,0,0,0,0,0,0
488,9,615,12,0,0,0,0,0,0,0,0,0,0,0,0,0,0
489,90,24,20,1563,246,416,13,295,0,0,0,0,0,0,0,0,0
490,1,20,375,957,0,0,0,0,0,0,0,0,0,0,0,0,0
491,28,1,384,0,0,0,0,0,0,0,0,0,0,0,0,0,0
492,640,1408,1409,1410,650,19,40,0,0,0,0,0,0,0,0,0,0
493,25,213,6,68,0,0,0,0,0,0,0,0,0,0,0,0,0
494,24,105,365,308,17,0,0,0,0,0,0,0,0,0,0,0,0
495,474,81,350,313,86,757,92,15,0,0,0,0,0,0,0,0,0
496,38,2,0,0,0,0,0,0,0,0,0,0,0,0,0,0,0
497,1143,113,8,10,1144,169,1145,1146,3,387,342,1147,1148,0,0,0,0
498,54,61,71,242,48,83,0,0,0,0,0,0,0,0,0,0,0
499,247,2,0,0,0,0,0,0,0,0,0,0,0,0,0,0,0
500,1434,1435,121,25,231,0,0,0,0,0,0,0,0,0,0,0,0
501,1,200,156,160,1,0,0,0,0,0,0,0,0,0,0,0,0
502,802,151,91,14,57,174,18,0,0,0,0,0,0,0,0,0,0
503,1276,312,0,0,0,0,0,0,0,0,0,0,0,0,0,0,0
504,585,0,0,0,0,0,0,0,0,0,0,0,0,0,0,0,0
505,1020,65,4,2,0,0,0,0,0,0,0,0,0,0,0,0,0
506,162,119,1,14,696,697,0,0,0,0,0,0,0,0,0,0,0
507,115,292,0,0,0,0,0,0,0,0,0,0,0,0,0,0,0
508,1155,26,0,0,0,0,0,0,0,0,0,0,0,0,0,0,0
509,1352,4,19,156,0,0,0,0,0,0,0,0,0,0,0,0,0
510,9,16,72,0,0,0,0,0,0,0,0,0,0,0,0,0,0
511,257,856,359,1,857,0,0,0,0,0,0,0,0,0,0,0,0
512,85,94,154,0,0,0,0,0,0,0,0,0,0,0,0,0,0
513,46,1033,388,135,1034,407,252,436,1035,1036,566,256,1037,0,0,0,0
514,1214,259,0,0,0,0,0,0,0,0,0,0,0,0,0,0,0
515,64,421,87,31,0,0,0,0,0,0,0,0,0,0,0,0,0
516,1,179,241,105,662,589,1,0,0,0,0,0,0,0,0,0,0
517,580,0,0,0,0,0,0,0,0,0,0,0,0,0,0,0,0
518,113,8,0,0,0,0,0,0,0,0,0,0,0,0,0,0,0
519,569,152,301,0,0,0,0,0,0,0,0,0,0,0,0,0,0
520,549,20,149,4,409,0,0,0,0,0,0,0,0,0,0,0,0
521,155,47,519,541,890,0,0,0,0,0,0,0,0,0,0,0,0
522,783,487,360,7,361,0,0,0,0,0,0,0,0,0,0,0,0
523,62,200,0,0,0,0,0,0,0,0,0,0,0,0,0,0,0
524,5,8,316,0,0,0,0,0,0,0,0,0,0,0,0,0,0
525,285,895,0,0,0,0,0,0,0,0,0,0,0,0,0,0,0
526,24,30,0,0,0,0,0,0,0,0,0,0,0,0,0,0,0
527,152,301,405,0,0,0,0,0,0,0,0,0,0,0,0,0,0
528,130,28,1,43,0,0,0,0,0,0,0,0,0,0,0,0,0
529,5,37,113,22,0,0,0,0,0,0,0,0,0,0,0,0,0
530,145,223,874,875,0,0,0,0,0,0,0,0,0,0,0,0,0
531,5,646,186,0,0,0,0,0,0,0,0,0,0,0,0,0,0
532,366,441,0,0,0,0,0,0,0,0,0,0,0,0,0,0,0
533,297,0,0,0,0,0,0,0,0,0,0,0,0,0,0,0,0
534,7,4,2,3,340,780,359,781,0,0,0,0,0,0,0,0,0
535,138,8,56,0,0,0,0,0,0,0,0,0,0,0,0,0,0
536,206,0,0,0,0,0,0,0,0,0,0,0,0,0,0,0,0
537,446,150,265,0,0,0,0,0,0,0,0,0,0,0,0,0,0
538,83,712,138,0,0,0,0,0,0,0,0,0,0,0,0,0,0
539,524,109,422,0,0,0,0,0,0,0,0,0,0,0,0,0,0
540,60,39,19,0,0,0,0,0,0,0,0,0,0,0,0,0,0
541,92,17,103,1407,232,0,0,0,0,0,0,0,0,0,0,0,0
542,20,253,129,52,1397,1,26,0,0,0,0,0,0,0,0,0,0
543,95,48,0,0,0,0,0,0,0,0,0,0,0,0,0,0,0
544,103,55,69,19,378,49,69,408,1059,8,10,491,0,0,0,0,0
545,5,9,77,25,272,0,0,0,0,0,0,0,0,0,0,0,0
546,85,174,314,3,159,243,0,0,0,0,0,0,0,0,0,0,0
547,28,32,1543,384,320,0,0,0,0,0,0,0,0,0,0,0,0
548,97,68,5,0,0,0,0,0,0,0,0,0,0,0,0,0,0
549,341,7,56,0,0,0,0,0,0,0,0,0,0,0,0,0,0
550,26,13,631,62,290,1477,236,246,0,0,0,0,0,0,0,0,0
551,38,12,621,309,367,561,7,255,86,310,45,1200,0,0,0,0,0
552,6,153,143,24,75,195,656,55,411,3,1447,14,0,0,0,0,0
553,50,1,373,1308,1309,143,0,0,0,0,0,0,0,0,0,0,0
554,4,73,70,411,98,42,1277,9,0,0,0,0,0,0,0,0,0
555,1075,277,1076,1077,224,1078,1079,0,0,0,0,0,0,0,0,0,0
556,252,1367,48,14,0,0,0,0,0,0,0,0,0,0,0,0,0
557,15,16,1335,11,51,1336,646,1337,107,1338,0,0,0,0,0,0,0
558,382,6,40,3,483,929,0,0,0,0,0,0,0,0,0,0,0
559,50,156,66,1,97,293,3,1443,0,0,0,0,0,0,0,0,0
560,17,23,37,184,0,0,0,0,0,0,0,0,0,0,0,0,0
561,28,45,384,0,0,0,0,0,0,0,0,0,0,0,0,0,0
562,5,6,12,62,0,0,0,0,0,0,0,0,0,0,0,0,0
563,56,8,31,0,0,0,0,0,0,0,0,0,0,0,0,0,0
564,126,481,476,158,1114,356,1115,512,194,0,0,0,0,0,0,0,0
565,382,70,233,155,77,12,963,89,6,0,0,0,0,0,0,0,0
566,970,1,64,9,72,971,290,370,0,0,0,0,0,0,0,0,0
567,2,1,0,0,0,0,0,0,0,0,0,0,0,0,0,0,0
568,28,898,121,198,0,0,0,0,0,0,0,0,0,0,0,0,0
569,967,35,13,968,179,560,13,78,13,0,0,0,0,0,0,0,0
570,23,289,6,0,0,0,0,0,0,0,0,0,0,0,0,0,0
571,32,203,166,1251,599,4,0,0,0,0,0,0,0,0,0,0,0
572,2,6,272,209,0,0,0,0,0,0,0,0,0,0,0,0,0
573,158,36,147,0,0,0,0,0,0,0,0,0,0,0,0,0,0
574,64,266,0,0,0,0,0,0,0,0,0,0,0,0,0,0,0
575,67,43,0,0,0,0,0,0,0,0,0,0,0,0,0,0,0
576,716,104,445,139,29,446,1,61,71,0,0,0,0,0,0,0,0
577,606,1116,10,1117,13,607,1118,10,80,238,0,0,0,0,0,0,0
578,182,357,42,42,635,11,608,304,0,0,0,0,0,0,0,0,0
579,76,181,0,0,0,0,0,0,0,0,0,0,0,0,0,0,0
580,145,60,19,0,0,0,0,0,0,0,0,0,0,0,0,0,0
581,5,8,0,0,0,0,0,0,0,0,0,0,0,0,0,0,0
582,450,451,726,452,264,0,0,0,0,0,0,0,0,0,0,0,0
583,147,449,1248,182,1249,13,0,0,0,0,0,0,0,0,0,0,0
584,21,878,879,1,15,0,0,0,0,0,0,0,0,0,0,0,0
585,26,832,833,518,148,0,0,0,0,0,0,0,0,0,0,0,0
586,50,61,550,55,0,0,0,0,0,0,0,0,0,0,0,0,0
587,6,698,93,18,699,13,700,0,0,0,0,0,0,0,0,0,0
588,2,22,0,0,0,0,0,0,0,0,0,0,0,0,0,0,0
589,76,131,0,0,0,0,0,0,0,0,0,0,0,0,0,0,0
590,28,124,68,125,748,11,16,28,8,749,12,344,86,0,0,0,0
591,197,1286,390,1287,53,54,0,0,0,0,0,0,0,0,0,0,0
592,385,543,286,0,0,0,0,0,0,0,0,0,0,0,0,0,0
593,1,35,110,2,88,46,424,193,0,0,0,0,0,0,0,0,0
594,244,36,11,43,157,38,1119,0,0,0,0,0,0,0,0,0,0
595,447,352,0,0,0,0,0,0,0,0,0,0,0,0,0,0,0
596,18,140,513,514,188,1,0,0,0,0,0,0,0,0,0,0,0
597,80,1278,141,5,266,140,0,0,0,0,0,0,0,0,0,0,0
598,57,92,53,955,10,956,7,0,0,0,0,0,0,0,0,0,0
599,48,14,0,0,0,0,0,0,0,0,0,0,0,0,0,0,0
600,16,773,430,0,0,0,0,0,0,0,0,0,0,0,0,0,0
601,17,413,226,3,278,0,0,0,0,0,0,0,0,0,0,0,0
602,94,1047,0,0,0,0,0,0,0,0,0,0,0,0,0,0,0
603,153,1,376,837,0,0,0,0,0,0,0,0,0,0,0,0,0
604,40,52,292,120,160,43,0,0,0,0,0,0,0,0,0,0,0
605,100,0,0,0,0,0,0,0,0,0,0,0,0,0,0,0,0
606,2,37,0,0,0,0,0,0,0,0,0,0,0,0,0,0,0
607,244,161,239,1343,7,17,152,13,0,0,0,0,0,0,0,0,0
608,53,23,0,0,0,0,0,0,0,0,0,0,0,0,0,0,0
609,60,39,0,0,0,0,0,0,0,0,0,0,0,0,0,0,0
610,628,26,1391,651,189,176,39,1392,1393,306,264,0,0,0,0,0,0
611,530,94,0,0,0,0,0,0,0,0,0,0,0,0,0,0,0
612,77,3,126,544,0,0,0,0,0,0,0,0,0,0,0,0,0
613,17,1382,0,0,0,0,0,0,0,0,0,0,0,0,0,0,0
614,450,502,217,24,803,0,0,0,0,0,0,0,0,0,0,0,0
615,563,297,0,0,0,0,0,0,0,0,0,0,0,0,0,0,0
616,22,115,21,6,17,102,23,0,0,0,0,0,0,0,0,0,0
617,16,121,164,0,0,0,0,0,0,0,0,0,0,0,0,0,0
618,57,1564,1565,624,1566,1567,0,0,0,0,0,0,0,0,0,0,0
619,1521,0,0,0,0,0,0,0,0,0,0,0,0,0,0,0,0
620,14,1289,147,322,152,95,12,0,0,0,0,0,0,0,0,0,0
621,4,2,0,0,0,0,0,0,0,0,0,0,0,0,0,0,0
622,134,201,133,29,492,170,3,363,160,0,0,0,0,0,0,0,0
623,1250,181,10,8,99,0,0,0,0,0,0,0,0,0,0,0,0
624,2,335,0,0,0,0,0,0,0,0,0,0,0,0,0,0,0
625,423,425,53,397,68,0,0,0,0,0,0,0,0,0,0,0,0
626,135,70,318,687,688,53,20,319,0,0,0,0,0,0,0,0,0
627,1346,5,326,47,1347,0,0,0,0,0,0,0,0,0,0,0,0
628,330,1093,10,80,119,113,46,407,0,0,0,0,0,0,0,0,0
629,161,123,166,61,87,14,0,0,0,0,0,0,0,0,0,0,0
630,21,6,299,59,0,0,0,0,0,0,0,0,0,0,0,0,0
631,176,817,177,818,18,371,819,334,178,0,0,0,0,0,0,0,0
632,423,61,65,3,48,610,605,230,133,192,661,29,127,548,121,0,0
633,60,11,0,0,0,0,0,0,0,0,0,0,0,0,0,0,0
634,5,326,24,27,1,717,0,0,0,0,0,0,0,0,0,0,0
635,140,75,137,18,0,0,0,0,0,0,0,0,0,0,0,0,0
636,35,58,22,0,0,0,0,0,0,0,0,0,0,0,0,0,0
637,578,1522,571,27,100,667,0,0,0,0,0,0,0,0,0,0,0
638,51,9,135,146,401,7,0,0,0,0,0,0,0,0,0,0,0
639,171,10,793,794,18,795,497,4,12,12,11,4,2,0,0,0,0
640,15,261,12,62,0,0,0,0,0,0,0,0,0,0,0,0,0
641,1032,20,2,52,119,406,259,2,0,0,0,0,0,0,0,0,0
642,775,213,59,0,0,0,0,0,0,0,0,0,0,0,0,0,0
643,871,271,33,872,385,23,15,0,0,0,0,0,0,0,0,0,0
644,21,217,234,621,1,559,657,0,0,0,0,0,0,0,0,0,0
645,20,421,1221,0,0,0,0,0,0,0,0,0,0,0,0,0,0
646,45,97,25,18,0,0,0,0,0,0,0,0,0,0,0,0,0
647,528,49,515,248,0,0,0,0,0,0,0,0,0,0,0,0,0
648,250,128,0,0,0,0,0,0,0,0,0,0,0,0,0,0,0
649,3,495,0,0,0,0,0,0,0,0,0,0,0,0,0,0,0
650,41,0,0,0,0,0,0,0,0,0,0,0,0,0,0,0,0
651,17,23,0,0,0,0,0,0,0,0,0,0,0,0,0,0,0
652,64,8,0,0,0,0,0,0,0,0,0,0,0,0,0,0,0
653,54,1448,0,0,0,0,0,0,0,0,0,0,0,0,0,0,0
654,114,354,422,460,1526,412,96,0,0,0,0,0,0,0,0,0,0
655,336,1156,151,1157,307,1158,597,0,0,0,0,0,0,0,0,0,0
656,9,82,150,0,0,0,0,0,0,0,0,0,0,0,0,0,0
657,171,62,545,347,0,0,0,0,0,0,0,0,0,0,0,0,0
658,84,561,29,69,9,72,69,222,0,0,0,0,0,0,0,0,0
659,26,37,17,206,419,0,0,0,0,0,0,0,0,0,0,0,0
660,125,116,361,166,87,472,0,0,0,0,0,0,0,0,0,0,0
661,12,1261,368,252,33,173,0,0,0,0,0,0,0,0,0,0,0
662,94,0,0,0,0,0,0,0,0,0,0,0,0,0,0,0,0
663,223,257,229,91,13,0,0,0,0,0,0,0,0,0,0,0,0
664,641,9,245,616,65,407,0,0,0,0,0,0,0,0,0,0,0
665,5,408,1040,579,0,0,0,0,0,0,0,0,0,0,0,0,0
666,591,1,46,26,0,0,0,0,0,0,0,0,0,0,0,0,0
667,37,38,2,123,87,14,0,0,0,0,0,0,0,0,0,0,0
668,2,298,0,0,0,0,0,0,0,0,0,0,0,0,0,0,0
669,582,81,0,0,0,0,0,0,0,0,0,0,0,0,0,0,0
670,38,12,0,0,0,0,0,0,0,0,0,0,0,0,0,0,0
671,30,1545,13,1546,24,46,136,54,10,42,1547,13,1548,0,0,0,0
672,684,194,132,27,685,69,686,17,82,0,0,0,0,0,0,0,0
673,23,507,184,201,623,66,1,260,202,286,0,0,0,0,0,0,0
674,64,59,0,0,0,0,0,0,0,0,0,0,0,0,0,0,0
675,285,31,196,0,0,0,0,0,0,0,0,0,0,0,0,0,0
676,67,1,186,181,1194,186,328,67,43,1195,0,0,0,0,0,0,0
677,426,350,15,1478,8,12,282,533,343,1479,1480,1481,6,0,0,0,0
678,1029,151,124,11,28,187,0,0,0,0,0,0,0,0,0,0,0
679,4,0,0,0,0,0,0,0,0,0,0,0,0,0,0,0,0
680,1273,307,635,454,0,0,0,0,0,0,0,0,0,0,0,0,0
681,24,55,306,567,1,0,0,0,0,0,0,0,0,0,0,0,0
682,132,78,430,313,91,668,0,0,0,0,0,0,0,0,0,0,0
683,20,148,104,1,0,0,0,0,0,0,0,0,0,0,0,0,0
684,269,1436,0,0,0,0,0,0,0,0,0,0,0,0,0,0,0
685,50,14,689,438,253,690,0,0,0,0,0,0,0,0,0,0,0
686,21,6,22,0,0,0,0,0,0,0,0,0,0,0,0,0,0
687,50,1485,1486,39,0,0,0,0,0,0,0,0,0,0,0,0,0
688,376,164,126,395,1,47,1320,311,1321,1322,1323,0,0,0,0,0,0
689,6,210,8,637,181,0,0,0,0,0,0,0,0,0,0,0,0
690,114,13,577,183,246,11,97,372,11,0,0,0,0,0,0,0,0
691,109,834,835,435,0,0,0,0,0,0,0,0,0,0,0,0,0
692,34,2,1523,0,0,0,0,0,0,0,0,0,0,0,0,0,0
693,5,6,516,187,0,0,0,0,0,0,0,0,0,0,0,0,0
694,2,15,22,0,0,0,0,0,0,0,0,0,0,0,0,0,0
695,593,1224,5,8,44,32,85,303,0,0,0,0,0,0,0,0,0
696,25,1098,0,0,0,0,0,0,0,0,0,0,0,0,0,0,0
697,235,236,25,48,193,0,0,0,0,0,0,0,0,0,0,0,0
698,95,5,6,0,0,0,0,0,0,0,0,0,0,0,0,0,0
699,3,598,619,1192,61,191,291,66,1,9,1193,22,0,0,0,0,0
700,41,6,0,0,0,0,0,0,0,0,0,0,0,0,0,0,0
701,34,1,0,0,0,0,0,0,0,0,0,0,0,0,0,0,0
702,48,137,44,80,666,157,1516,0,0,0,0,0,0,0,0,0,0
703,134,432,134,672,249,673,674,250,11,11,0,0,0,0,0,0,0
704,2,6,0,0,0,0,0,0,0,0,0,0,0,0,0,0,0
705,1,51,531,2,0,0,0,0,0,0,0,0,0,0,0,0,0
706,52,21,0,0,0,0,0,0,0,0,0,0,0,0,0,0,0
707,111,235,1394,18,228,1395,1396,0,0,0,0,0,0,0,0,0,0
708,91,305,50,36,156,1,89,2,0,0,0,0,0,0,0,0,0
709,196,16,28,112,31,1344,0,0,0,0,0,0,0,0,0,0,0
710,1387,4,79,1388,0,0,0,0,0,0,0,0,0,0,0,0,0
711,267,286,1140,1141,238,344,14,0,0,0,0,0,0,0,0,0,0
712,5,849,138,0,0,0,0,0,0,0,0,0,0,0,0,0,0
713,37,203,204,4,2,1358,255,186,1359,642,1360,1,383,1361,10,13,78
714,51,228,156,918,103,55,98,42,0,0,0,0,0,0,0,0,0
715,1402,62,59,0,0,0,0,0,0,0,0,0,0,0,0,0,0
716,25,5,68,386,28,215,7,43,0,0,0,0,0,0,0,0,0
717,1,95,200,120,449,26,0,0,0,0,0,0,0,0,0,0,0
718,827,127,828,829,354,830,137,329,40,499,372,0,0,0,0,0,0
719,404,546,1024,17,1025,289,1026,8,571,0,0,0,0,0,0,0,0
720,24,30,304,1259,328,123,40,19,125,78,0,0,0,0,0,0,0
721,601,1095,1096,1097,128,254,327,0,0,0,0,0,0,0,0,0,0
722,154,562,6,980,4,12,0,0,0,0,0,0,0,0,0,0,0
723,7,4,784,785,0,0,0,0,0,0,0,0,0,0,0,0,0
724,485,1105,39,604,240,0,0,0,0,0,0,0,0,0,0,0,0
725,279,4,12,0,0,0,0,0,0,0,0,0,0,0,0,0,0
726,75,80,0,0,0,0,0,0,0,0,0,0,0,0,0,0,0
727,220,17,23,1,36,1183,0,0,0,0,0,0,0,0,0,0,0
728,127,8,148,1164,139,29,0,0,0,0,0,0,0,0,0,0,0
729,49,30,136,7,49,443,150,19,1297,71,0,0,0,0,0,0,0
730,517,374,220,5,1,41,0,0,0,0,0,0,0,0,0,0,0
731,22,3,5,208,209,3,5,59,0,0,0,0,0,0,0,0,0
732,10,5,378,163,985,162,0,0,0,0,0,0,0,0,0,0,0
733,22,3,2,298,0,0,0,0,0,0,0,0,0,0,0,0,0
734,382,383,869,367,92,38,325,40,54,0,0,0,0,0,0,0,0
735,38,172,0,0,0,0,0,0,0,0,0,0,0,0,0,0,0
736,5,57,3,30,273,126,13,0,0,0,0,0,0,0,0,0,0
737,1240,154,627,475,116,3,63,628,1241,1242,3,1243,0,0,0,0,0
738,373,458,97,0,0,0,0,0,0,0,0,0,0,0,0,0,0
739,813,814,815,509,11,136,369,2,0,0,0,0,0,0,0,0,0
740,9,146,153,0,0,0,0,0,0,0,0,0,0,0,0,0,0
741,90,239,145,576,577,1030,12,75,74,8,21,74,1,0,0,0,0
742,5,15,0,0,0,0,0,0,0,0,0,0,0,0,0,0,0
743,52,56,0,0,0,0,0,0,0,0,0,0,0,0,0,0,0
744,489,3,357,139,362,786,362,787,0,0,0,0,0,0,0,0,0
745,35,18,96,524,18,17,860,14,0,0,0,0,0,0,0,0,0
746,417,113,8,661,517,374,10,111,0,0,0,0,0,0,0,0,0
747,33,15,122,5,130,0,0,0,0,0,0,0,0,0,0,0,0
748,92,269,11,199,82,574,1,0,0,0,0,0,0,0,0,0,0
749,151,880,371,0,0,0,0,0,0,0,0,0,0,0,0,0,0
750,1174,20,131,1175,0,0,0,0,0,0,0,0,0,0,0,0,0
751,54,118,150,9,17,493,1021,570,0,0,0,0,0,0,0,0,0
752,58,330,11,445,10,8,142,0,0,0,0,0,0,0,0,0,0
753,1,1325,169,44,1326,1327,1,1328,130,0,0,0,0,0,0,0,0
754,5,37,38,192,26,559,965,966,202,0,0,0,0,0,0,0,0
755,47,2,212,0,0,0,0,0,0,0,0,0,0,0,0,0,0
756,272,31,0,0,0,0,0,0,0,0,0,0,0,0,0,0,0
757,25,48,0,0,0,0,0,0,0,0,0,0,0,0,0,0,0
758,180,104,990,16,991,66,1,40,57,566,3,25,64,31,0,0,0
759,178,57,1,4,172,18,0,0,0,0,0,0,0,0,0,0,0
760,3,58,0,0,0,0,0,0,0,0,0,0,0,0,0,0,0
761,94,0,0,0,0,0,0,0,0,0,0,0,0,0,0,0,0
762,184,1306,83,221,188,0,0,0,0,0,0,0,0,0,0,0,0
763,216,525,14,47,864,525,865,18,154,0,0,0,0,0,0,0,0
764,896,226,10,8,0,0,0,0,0,0,0,0,0,0,0,0,0
765,1464,189,237,324,111,1465,418,0,0,0,0,0,0,0,0,0,0
766,18,81,47,108,1189,13,7,95,1190,107,150,71,117,1191,13,0,0
767,1177,1178,1179,276,171,0,0,0,0,0,0,0,0,0,0,0,0
768,1519,48,572,14,84,10,0,0,0,0,0,0,0,0,0,0,0
769,88,477,68,981,163,1,982,983,0,0,0,0,0,0,0,0,0
770,101,214,70,1091,1,0,0,0,0,0,0,0,0,0,0,0,0
771,453,568,17,4,70,405,1386,0,0,0,0,0,0,0,0,0,0
772,433,119,39,147,0,0,0,0,0,0,0,0,0,0,0,0,0
773,105,38,40,179,65,3,528,915,916,132,341,122,5,0,0,0,0
774,119,765,92,325,480,766,352,767,480,79,9,768,481,769,271,15,0
775,81,682,13,193,49,0,0,0,0,0,0,0,0,0,0,0,0
776,29,170,1,183,90,91,168,67,613,557,1440,0,0,0,0,0,0
777,69,431,9,552,934,395,1,0,0,0,0,0,0,0,0,0,0
778,108,13,534,642,28,0,0,0,0,0,0,0,0,0,0,0,0
779,76,1176,0,0,0,0,0,0,0,0,0,0,0,0,0,0,0
780,110,9,1,176,128,653,1490,0,0,0,0,0,0,0,0,0,0
781,104,51,293,25,1074,31,0,0,0,0,0,0,0,0,0,0,0
782,47,33,0,0,0,0,0,0,0,0,0,0,0,0,0,0,0
783,9,285,12,31,14,923,0,0,0,0,0,0,0,0,0,0,0
784,12,62,30,1044,1045,172,0,0,0,0,0,0,0,0,0,0,0
785,442,701,44,702,703,0,0,0,0,0,0,0,0,0,0,0,0
786,2,6,199,622,86,1207,0,0,0,0,0,0,0,0,0,0,0
787,375,371,110,364,229,0,0,0,0,0,0,0,0,0,0,0,0
788,2,10,31,0,0,0,0,0,0,0,0,0,0,0,0,0,0
789,1160,1161,178,29,3,612,613,86,7,0,0,0,0,0,0,0,0
790,50,1353,32,123,1354,573,0,0,0,0,0,0,0,0,0,0,0
791,9,72,141,5,0,0,0,0,0,0,0,0,0,0,0,0,0
792,244,4,41,0,0,0,0,0,0,0,0,0,0,0,0,0,0
793,637,1284,1285,0,0,0,0,0,0,0,0,0,0,0,0,0,0
794,25,18,6,70,1524,1525,13,76,247,0,0,0,0,0,0,0,0
795,59,1,0,0,0,0,0,0,0,0,0,0,0,0,0,0,0
796,2,1,0,0,0,0,0,0,0,0,0,0,0,0,0,0,0
797,5,1,0,0,0,0,0,0,0,0,0,0,0,0,0,0,0
798,554,39,37,87,0,0,0,0,0,0,0,0,0,0,0,0,0
799,275,124,6,115,241,144,210,163,0,0,0,0,0,0,0,0,0
